Workbook

Sheet Briefing
A1: Morning Briefing
A2: Daily operational summary | 2026-10 | MTD details are in the supporting sheets
A4: Tanggal Briefing | B4: 46324 | C4: Room Attendant | D4: Section / Floor | E4: Credit / Amount | F4: Description | G4: Status | H4: PIC | I4: Notes | J4: Follow Up
A5: Tanggal Operasional (hari ini) | B5: =B4+1
A6: OCCUPANCY & STAFF
A7: Occupancy Semalam (%) | B7: =IFERROR(INDEX('Room Cost MTD'!$B$5:$B$35,MATCH($B$4,'Room Cost MTD'!$A$5:$A$35,0)),"")
A8: Room Sold | B8: =IFERROR(INDEX('Room Cost MTD'!$C$5:$C$35,MATCH($B$4,'Room Cost MTD'!$A$5:$A$35,0)),"")
A9: Jumlah Staff RA | B9: =IFERROR(ROWS(UNIQUE(FILTER('Project RA'!$B$5:$B$204,('Project RA'!$A$5:$A$204=$B$4)*('Project RA'!$B$5:$B$204<>""),""))),0)
A10: Staff Incharge
A12: ROOM CREDIT PER RA | HARI KEMARIN
A13: Room Attendant | B13: Section / Floor | C13: Credit Kamar | D13: Project / Activity | E13: Notes
A14: =IFERROR(TAKE(FILTER('Project RA'!$B$5:$F$204,'Project RA'!$A$5:$A$204=$B$4,""),20),"")
A36: ROOM COST | DETAIL HARI KEMARIN
A37: Komponen | B37: Biaya per Kamar (IDR)
A38: SR Supplies / kamar | B38: =IFERROR(INDEX('Room Cost MTD'!$D$5:$D$35,MATCH($B$4,'Room Cost MTD'!$A$5:$A$35,0))/INDEX('Room Cost MTD'!$C$5:$C$35,MATCH($B$4,'Room Cost MTD'!$A$5:$A$35,0)),"")
A39: Air / kamar | B39: =IFERROR(INDEX('Room Cost MTD'!$E$5:$E$35,MATCH($B$4,'Room Cost MTD'!$A$5:$A$35,0))/INDEX('Room Cost MTD'!$C$5:$C$35,MATCH($B$4,'Room Cost MTD'!$A$5:$A$35,0)),"")
A40: Listrik / kamar | B40: =IFERROR(INDEX('Room Cost MTD'!$F$5:$F$35,MATCH($B$4,'Room Cost MTD'!$A$5:$A$35,0))/INDEX('Room Cost MTD'!$C$5:$C$35,MATCH($B$4,'Room Cost MTD'!$A$5:$A$35,0)),"")
A41: Linen / kamar | B41: =IFERROR(INDEX('Room Cost MTD'!$G$5:$G$35,MATCH($B$4,'Room Cost MTD'!$A$5:$A$35,0))/INDEX('Room Cost MTD'!$C$5:$C$35,MATCH($B$4,'Room Cost MTD'!$A$5:$A$35,0)),"")
A42: TOTAL ROOM COST / KAMAR | B42: =IF(COUNT(B38:B41)<4,"",SUM(B38:B41))
A45: BON VIVO GUEST LAUNDRY | HARI KEMARIN
A46: Room Nights | B46: Laundry Cost (IDR) | C46: Cost / Room (IDR)
A47: =IFERROR(INDEX('Bon Vivo Guest Laundry MTD'!$B$5:$B$35,MATCH($B$4,'Bon Vivo Guest Laundry MTD'!$A$5:$A$35,0)),"") | B47: =IFERROR(INDEX('Bon Vivo Guest Laundry MTD'!$C$5:$C$35,MATCH($B$4,'Bon Vivo Guest Laundry MTD'!$A$5:$A$35,0)),"") | C47: =IFERROR(INDEX('Bon Vivo Guest Laundry MTD'!$D$5:$D$35,MATCH($B$4,'Bon Vivo Guest Laundry MTD'!$A$5:$A$35,0)),"")
A50: PROJECT RA | HARI INI
A51: Room Attendant | B51: Section / Floor | C51: Credit Kamar | D51: Project / Activity | E51: Notes
A52: =IFERROR(TAKE(FILTER('Project RA'!$B$5:$F$204,'Project RA'!$A$5:$A$204=$B$5,""),15),"")
A69: PROJECT PUBLIC AREA | HARI INI
A70: Project / Area | B70: Description | C70: Qty | D70: Unit | E70: Unit Cost | F70: Total | G70: Status | H70: PIC | I70: Notes
A71: =IFERROR(TAKE(FILTER('Project Public Area'!$B$5:$J$204,'Project Public Area'!$A$5:$A$204=$B$5,""),15),"")
A88: DAILY PUBLIC AREA | HARI INI
A89: Area | B89: Description | C89: Qty | D89: Unit Cost | E89: Total | F89: PIC | G89: Notes
A90: =IFERROR(TAKE(FILTER('Daily Public Area'!$B$5:$H$204,'Daily Public Area'!$A$5:$A$204=$B$5,""),15),"")
A107: REMARK / FOLLOW UP

Sheet SR Total MTD
A1: SR Total MTD
A2: Morning Briefing | 2026-10 | Masukkan satu baris per voucher atau item SR; total MTD dihitung otomatis.
A4: Date | B4: SR Number | C4: Category | D4: Total (IDR) | E4: MTD Total (IDR)
E5: =SUM($D$5:D5)
E6: =SUM($D$5:D6)
E7: =SUM($D$5:D7)
E8: =SUM($D$5:D8)
E9: =SUM($D$5:D9)
E10: =SUM($D$5:D10)
E11: =SUM($D$5:D11)
E12: =SUM($D$5:D12)
E13: =SUM($D$5:D13)
E14: =SUM($D$5:D14)
E15: =SUM($D$5:D15)
E16: =SUM($D$5:D16)
... E304: =SUM($D$5:D304)

Sheet Daily Linen Cost MTD
A1: Daily Linen Cost MTD
A2: Morning Briefing | 2026-10 | Masukkan biaya linen harian; total MTD dihitung otomatis.
A4: Date | B4: Daily Linen Cost (IDR) | C4: MTD Total (IDR)
A5: 46296 | B5: 1007600 | C5: =SUM($B$5:B5)
A6: 46297 | B6: 1391150 | C6: =SUM($B$5:B6)
A7: 46298 | B7: 1707075 | C7: =SUM($B$5:B7)
A8: 46299 | B8: 1734325 | C8: =SUM($B$5:B8)
A9: 46300 | B9: 754325 | C9: =SUM($B$5:B9)
A10: 46301 | B10: 1119100 | C10: =SUM($B$5:B10)
A11: 46302 | B11: 1544575 | C11: =SUM($B$5:B11)
A12: 46303 | B12: 1366725 | C12: =SUM($B$5:B12)
A13: 46304 | B13: 1407975 | C13: =SUM($B$5:B13)
A14: 46305 | B14: 1573350 | C14: =SUM($B$5:B14)
A15: 46306 | B15: 1349650 | C15: =SUM($B$5:B15)
A16: 46307 | B16: 2038500 | C16: =SUM($B$5:B16)
... A33: 46324 | B33: 1634825 | C33: =SUM($B$5:B33)
A34: 46325 | C34: =SUM($B$5:B34)
A35: 46326 | C35: =SUM($B$5:B35)

Sheet Bon Vivo Guest Laundry MTD
A1: Bon Vivo Guest Laundry MTD
A2: Morning Briefing | 2026-10 | Masukkan biaya guest laundry harian; biaya per room dan total MTD dihitung otomatis.
A4: Date | B4: Room Nights | C4: Guest Laundry Cost (IDR) | D4: Cost per Room (IDR) | E4: MTD Total (IDR)
A5: 46296 | D5: =IFERROR(C5/B5,"") | E5: =SUM($C$5:C5)
A6: 46297 | D6: =IFERROR(C6/B6,"") | E6: =SUM($C$5:C6)
A7: 46298 | D7: =IFERROR(C7/B7,"") | E7: =SUM($C$5:C7)
A8: 46299 | D8: =IFERROR(C8/B8,"") | E8: =SUM($C$5:C8)
A9: 46300 | D9: =IFERROR(C9/B9,"") | E9: =SUM($C$5:C9)
A10: 46301 | D10: =IFERROR(C10/B10,"") | E10: =SUM($C$5:C10)
A11: 46302 | D11: =IFERROR(C11/B11,"") | E11: =SUM($C$5:C11)
A12: 46303 | D12: =IFERROR(C12/B12,"") | E12: =SUM($C$5:C12)
A13: 46304 | D13: =IFERROR(C13/B13,"") | E13: =SUM($C$5:C13)
A14: 46305 | D14: =IFERROR(C14/B14,"") | E14: =SUM($C$5:C14)
A15: 46306 | D15: =IFERROR(C15/B15,"") | E15: =SUM($C$5:C15)
A16: 46307 | D16: =IFERROR(C16/B16,"") | E16: =SUM($C$5:C16)
... A35: 46326 | D35: =IFERROR(C35/B35,"") | E35: =SUM($C$5:C35)

Sheet Project Public Area
A1: Project Public Area
A2: Morning Briefing | 2026-10 | Masukkan rincian biaya proyek Public Area.
A4: Date | B4: Project / Area | C4: Description | D4: Qty | E4: Unit | F4: Unit Cost (IDR) | G4: Total (IDR) | H4: Status | I4: PIC | J4: Notes
G5: =IFERROR(D5*F5,"")
G6: =IFERROR(D6*F6,"")
G7: =IFERROR(D7*F7,"")
G8: =IFERROR(D8*F8,"")
G9: =IFERROR(D9*F9,"")
G10: =IFERROR(D10*F10,"")
G11: =IFERROR(D11*F11,"")
G12: =IFERROR(D12*F12,"")
G13: =IFERROR(D13*F13,"")
G14: =IFERROR(D14*F14,"")
G15: =IFERROR(D15*F15,"")
G16: =IFERROR(D16*F16,"")
... G204: =IFERROR(D204*F204,"")

Sheet Daily Public Area
A1: Daily Public Area
A2: Morning Briefing | 2026-10 | Masukkan biaya operasional Public Area harian.
A4: Date | B4: Area | C4: Description | D4: Qty | E4: Unit Cost (IDR) | F4: Total (IDR) | G4: PIC | H4: Notes
F5: =IFERROR(D5*E5,"")
F6: =IFERROR(D6*E6,"")
F7: =IFERROR(D7*E7,"")
F8: =IFERROR(D8*E8,"")
F9: =IFERROR(D9*E9,"")
F10: =IFERROR(D10*E10,"")
F11: =IFERROR(D11*E11,"")
F12: =IFERROR(D12*E12,"")
F13: =IFERROR(D13*E13,"")
F14: =IFERROR(D14*E14,"")
F15: =IFERROR(D15*E15,"")
F16: =IFERROR(D16*E16,"")
... F204: =IFERROR(D204*E204,"")

Sheet Project RA
A1: Project RA
A2: Morning Briefing | 2026-10 | Masukkan satu baris per RA per tanggal; isi credit kamar dan project/activity untuk Briefing.
A4: Date | B4: Room Attendant | C4: Section / Floor | D4: Credit Kamar | E4: Project / Activity | F4: Notes

Sheet Room Cost MTD
A1: Room Cost MTD
A2: Morning Briefing | 2026-10 | Isi occupancy, room nights, air, listrik, dan linen; SR dan total dihitung otomatis.
A4: Date | B4: Occupancy (%) | C4: Room Nights | D4: SR Supplies (IDR) | E4: Air (IDR) | F4: Listrik (IDR) | G4: Linen (IDR) | H4: Total Room Cost (IDR) | I4: Room Cost per Room (IDR)
A5: 46296 | B5: 0.9256 | C5: 112 | D5: =IFERROR(C5*SUM('SR Total MTD'!$D$5:$D$304)/SUM($C$5:$C$35),0) | E5: 523900 | F5: 3896712.6 | G5: 1007600 | H5: =IF(COUNTA(C5,E5:G5)=0,"",SUM(D5:G5)) | I5: =IFERROR(H5/C5,"")
A6: 46297 | B6: 0.8265 | C6: 100 | D6: =IFERROR(C6*SUM('SR Total MTD'!$D$5:$D$304)/SUM($C$5:$C$35),0) | E6: 504400 | F6: 3862779.7 | G6: 1391150 | H6: =IF(COUNTA(C6,E6:G6)=0,"",SUM(D6:G6)) | I6: =IFERROR(H6/C6,"")
A7: 46298 | B7: 0.775 | C7: 93 | D7: =IFERROR(C7*SUM('SR Total MTD'!$D$5:$D$304)/SUM($C$5:$C$35),0) | E7: 522600 | F7: 3153002.4 | G7: 1707075 | H7: =IF(COUNTA(C7,E7:G7)=0,"",SUM(D7:G7)) | I7: =IFERROR(H7/C7,"")
A8: 46299 | B8: 0.3917 | C8: 47 | D8: =IFERROR(C8*SUM('SR Total MTD'!$D$5:$D$304)/SUM($C$5:$C$35),0) | E8: 449800 | F8: 3265246.2 | G8: 1734325 | H8: =IF(COUNTA(C8,E8:G8)=0,"",SUM(D8:G8)) | I8: =IFERROR(H8/C8,"")
A9: 46300 | B9: 0.6198 | C9: 75 | D9: =IFERROR(C9*SUM('SR Total MTD'!$D$5:$D$304)/SUM($C$5:$C$35),0) | E9: 305500 | F9: 2811724.8 | G9: 754325 | H9: =IF(COUNTA(C9,E9:G9)=0,"",SUM(D9:G9)) | I9: =IFERROR(H9/C9,"")
A10: 46301 | B10: 0.9587 | C10: 116 | D10: =IFERROR(C10*SUM('SR Total MTD'!$D$5:$D$304)/SUM($C$5:$C$35),0) | E10: 366600 | F10: 3027607.5 | G10: 1119100 | H10: =IF(COUNTA(C10,E10:G10)=0,"",SUM(D10:G10)) | I10: =IFERROR(H10/C10,"")
A11: 46302 | B11: 0.9339 | C11: 113 | D11: =IFERROR(C11*SUM('SR Total MTD'!$D$5:$D$304)/SUM($C$5:$C$35),0) | E11: 522600 | F11: 4065944.3 | G11: 1544575 | H11: =IF(COUNTA(C11,E11:G11)=0,"",SUM(D11:G11)) | I11: =IFERROR(H11/C11,"")
A12: 46303 | B12: 0.8017 | C12: 97 | D12: =IFERROR(C12*SUM('SR Total MTD'!$D$5:$D$304)/SUM($C$5:$C$35),0) | E12: 351000 | F12: 2848959 | G12: 1366725 | H12: =IF(COUNTA(C12,E12:G12)=0,"",SUM(D12:G12)) | I12: =IFERROR(H12/C12,"")
A13: 46304 | B13: 0.6364 | C13: 77 | D13: =IFERROR(C13*SUM('SR Total MTD'!$D$5:$D$304)/SUM($C$5:$C$35),0) | E13: 551200 | F13: 3162473.3 | G13: 1407975 | H13: =IF(COUNTA(C13,E13:G13)=0,"",SUM(D13:G13)) | I13: =IFERROR(H13/C13,"")
A14: 46305 | B14: 0.9917 | C14: 119 | D14: =IFERROR(C14*SUM('SR Total MTD'!$D$5:$D$304)/SUM($C$5:$C$35),0) | E14: 581100 | F14: 3273310 | G14: 1573350 | H14: =IF(COUNTA(C14,E14:G14)=0,"",SUM(D14:G14)) | I14: =IFERROR(H14/C14,"")
A15: 46306 | B15: 0.8083 | C15: 97 | D15: =IFERROR(C15*SUM('SR Total MTD'!$D$5:$D$304)/SUM($C$5:$C$35),0) | E15: 657800 | F15: 3149430.5 | G15: 1349650 | H15: =IF(COUNTA(C15,E15:G15)=0,"",SUM(D15:G15)) | I15: =IFERROR(H15/C15,"")
A16: 46307 | B16: 0.7686 | C16: 93 | D16: =IFERROR(C16*SUM('SR Total MTD'!$D$5:$D$304)/SUM($C$5:$C$35),0) | E16: 588900 | F16: 3210152.6 | G16: 2038500 | H16: =IF(COUNTA(C16,E16:G16)=0,"",SUM(D16:G16)) | I16: =IFERROR(H16/C16,"")
... A33: 46324 | B33: 0.9752 | C33: 118 | D33: =IFERROR(C33*SUM('SR Total MTD'!$D$5:$D$304)/SUM($C$5:$C$35),0) | E33: 591500 | F33: 3040758 | G33: 1634825 | H33: =IF(COUNTA(C33,E33:G33)=0,"",SUM(D33:G33)) | I33: =IFERROR(H33/C33,"")
A34: 46325 | D34: =IFERROR(C34*SUM('SR Total MTD'!$D$5:$D$304)/SUM($C$5:$C$35),0) | H34: =IF(COUNTA(C34,E34:G34)=0,"",SUM(D34:G34)) | I34: =IFERROR(H34/C34,"")
A35: 46326 | D35: =IFERROR(C35*SUM('SR Total MTD'!$D$5:$D$304)/SUM($C$5:$C$35),0) | H35: =IF(COUNTA(C35,E35:G35)=0,"",SUM(D35:G35)) | I35: =IFERROR(H35/C35,"")
